#,RSO Name,Category,Description,Blueprint URL
1,A Cappella Council,Arts & Music,Umbrella organization governing UChicago's a cappella singing groups.,https://blueprint.uchicago.edu/organization/a-cappella-council
2,Active Minds at the University of Chicago,Health & Wellness,Student-run organization raising mental health awareness and reducing stigma on campus.,https://blueprint.uchicago.edu/organization/active-minds
3,African and Caribbean Students Association,Cultural & International,Celebrates and promotes African and Caribbean cultures through events and community.,https://blueprint.uchicago.edu/organization/acsa
4,AI @ UChicago,Academic & Professional,"Explores artificial intelligence research, applications, and ethics at UChicago.",https://blueprint.uchicago.edu/organization/aiclub
5,Aikido Kokikai,Sports & Recreation,"Practices Kokikai-style Aikido, a Japanese martial art emphasizing relaxed power.",https://blueprint.uchicago.edu/organization/aikido
6,Alexander Hamilton Society,Political & Social,Nonpartisan organization focused on U.S. foreign policy and international security debates.,https://blueprint.uchicago.edu/organization/ahs
7,Algo Group,Academic & Professional,Focuses on algorithmic trading strategies and quantitative finance.,https://blueprint.uchicago.edu/organization/algo-group
8,Alianza de Latinx Medical Advocacy,Health & Wellness,Advocates for health equity and supports Latinx students in medicine.,https://blueprint.uchicago.edu/organization/alianza
9,Allied Scholars for Animal Protection UChicago,Political & Social,"Promotes animal welfare through education, advocacy, and community outreach.",https://blueprint.uchicago.edu/organization/asap
10,Alpha Kappa Psi (Beta Epsilon),Academic & Professional,Co-ed professional business fraternity developing principled business leaders.,https://blueprint.uchicago.edu/organization/akpsi
11,Alpha Phi Omega,Service & Philanthropy,"National service fraternity committed to leadership, friendship, and service.",https://blueprint.uchicago.edu/organization/apo
12,American Constitution Society,Political & Social,Progressive law student organization advancing constitutional rights and values.,https://blueprint.uchicago.edu/organization/acs
13,American Lung Cancer Screening Initiative,Health & Wellness,Student-run initiative promoting early lung cancer screening and awareness.,https://blueprint.uchicago.edu/organization/alcsi
14,American Medical Student Association,Health & Wellness,Advocates for medical students and future physicians through education and activism.,https://blueprint.uchicago.edu/organization/amsa
15,American Red Cross of University of Chicago,Service & Philanthropy,Organizes blood drives and disaster-relief fundraising for the Red Cross.,https://blueprint.uchicago.edu/organization/redcross
16,Amnesty International,Political & Social,Student chapter of the global human rights organization Amnesty International.,https://blueprint.uchicago.edu/organization/amnesty
17,Animal Legal Defense Fund - The University of Chicago Law School,Political & Social,Law school chapter advocating for the legal rights and protection of animals.,https://blueprint.uchicago.edu/organization/aldf
18,Ankara Magic,Arts & Music,Student magic performance and illusion group.,https://blueprint.uchicago.edu/organization/ankara-magic
19,Apsara,Arts & Music,South and Southeast Asian classical and contemporary dance group.,https://blueprint.uchicago.edu/organization/apsara
20,Arab Student Association,Cultural & International,Promotes Arab culture and creates community for Arab students at UChicago.,https://blueprint.uchicago.edu/organization/arab-student-association
21,Archery,Sports & Recreation,Competitive and recreational archery club open to all skill levels.,https://blueprint.uchicago.edu/organization/archery
22,Argentine Tango Club,Arts & Music,Teaches and practices Argentine tango dance for all experience levels.,https://blueprint.uchicago.edu/organization/tango
23,Armenian Students Association,Cultural & International,Celebrates Armenian heritage and builds community among Armenian students.,https://blueprint.uchicago.edu/organization/asa
24,Army Reserve Officer Training Corps,Academic & Professional,Military leadership training program for students pursuing Army commissioning.,https://blueprint.uchicago.edu/organization/rotc-army
25,ArtShould,Arts & Music,Student arts organization promoting creative expression and artistic community.,https://blueprint.uchicago.edu/organization/artshould
26,Asian American InterVarsity,Spiritual & Religious,Christian fellowship for Asian American students.,https://blueprint.uchicago.edu/organization/aaiv
27,Asian Leadership Initiative,Academic & Professional,Develops leadership among Asian and Asian American students at UChicago.,https://blueprint.uchicago.edu/organization/ali
28,Asian Pacific American Medical Students Association,Health & Wellness,Supports Asian Pacific American students in medicine and health professions.,https://blueprint.uchicago.edu/organization/apamsa
29,Asian Policy Forum,Political & Social,Examines policy issues affecting Asia through discussion and research.,https://blueprint.uchicago.edu/organization/asian-policy-forum
30,Association for Women in Mathematics,Academic & Professional,Supports and encourages women and gender minorities in mathematics.,https://blueprint.uchicago.edu/organization/awm
31,Association of Balkan Students,Cultural & International,Connects Balkan students and promotes Balkan culture at UChicago.,https://blueprint.uchicago.edu/organization/balkan
32,Badminton,Sports & Recreation,Recreational and competitive badminton club for all skill levels.,https://blueprint.uchicago.edu/organization/badminton
33,Baha'i Association of the University of Chicago,Spiritual & Religious,Community for Baha'i students exploring spiritual and social teachings.,https://blueprint.uchicago.edu/organization/bahai
34,Ballroom and Latin Dance Association,Arts & Music,Teaches and performs ballroom and Latin dance styles.,https://blueprint.uchicago.edu/organization/ballroom
35,Barbell Club,Sports & Recreation,"Promotes strength training, powerlifting, and Olympic weightlifting.",https://blueprint.uchicago.edu/organization/barbell
36,Bite Culinary Magazine,Arts & Music,Student-run culinary publication exploring food culture and recipes.,https://blueprint.uchicago.edu/organization/bite
37,Black Action in Public Policy Studies,Political & Social,Centers Black perspectives in public policy research and advocacy.,https://blueprint.uchicago.edu/organization/bapps
38,Black Aspiring Legal Leaders,Academic & Professional,Supports Black students pursuing careers in law and legal professions.,https://blueprint.uchicago.edu/organization/ball
39,Black Law Students Association,Academic & Professional,Advocates for Black law students and promotes diversity in the legal field.,https://blueprint.uchicago.edu/organization/blsa
40,Black Men in White Coats at The University of Chicago,Health & Wellness,Supports Black men in medicine and promotes diversity in healthcare.,https://blueprint.uchicago.edu/organization/bmwc
41,Black Student Fellowship,Spiritual & Religious,Christian fellowship providing community and spiritual support for Black students.,https://blueprint.uchicago.edu/organization/bsf
42,BlackGen Capital,Academic & Professional,Investment and finance organization focused on Black student leadership in finance.,https://blueprint.uchicago.edu/organization/blackgen
43,Blacklight Magazine,Arts & Music,Literary and arts magazine centering Black student voices and creativity.,https://blueprint.uchicago.edu/organization/blacklight
44,Blockchain Chicago,Academic & Professional,"Explores blockchain technology, cryptocurrency, and decentralized systems.",https://blueprint.uchicago.edu/organization/blockchain
45,Blue Chips,Academic & Professional,Student-run consulting organization providing pro-bono consulting to nonprofits.,https://blueprint.uchicago.edu/organization/blue-chips
46,Boxing Club,Sports & Recreation,"Teaches boxing technique, fitness, and competitive sparring.",https://blueprint.uchicago.edu/organization/boxing
47,Brazilian Student Association,Cultural & International,Promotes Brazilian culture and connects Brazilian students at UChicago.,https://blueprint.uchicago.edu/organization/bsa
48,Bridge Club,Social & Recreation,Recreational and competitive contract bridge for all experience levels.,https://blueprint.uchicago.edu/organization/bridge
49,Bridge to College,Service & Philanthropy,Helps underserved high school students navigate the college application process.,https://blueprint.uchicago.edu/organization/bridge-to-college
50,Bridgeport Free Clinic,Health & Wellness,Student-run free clinic providing healthcare to underserved Chicago communities.,https://blueprint.uchicago.edu/organization/bridgeport
51,Business Organization for Latino Development,Academic & Professional,Supports Latino students in business and promotes professional development.,https://blueprint.uchicago.edu/organization/bold
52,Cadenza,Arts & Music,Student chamber music ensemble performing classical and contemporary works.,https://blueprint.uchicago.edu/organization/cadenza
53,Camp Kesem at University of Chicago,Service & Philanthropy,Runs a free summer camp for children whose parents have or had cancer.,https://blueprint.uchicago.edu/organization/camp-kesem
54,Campus Catalyst,Service & Philanthropy,Encourages student civic engagement and community-based action.,https://blueprint.uchicago.edu/organization/campus-catalyst
55,Cana,Spiritual & Religious,Catholic student organization offering community and faith formation.,https://blueprint.uchicago.edu/organization/cana
56,Catcher in the Rhyme,Arts & Music,Student poetry and spoken word performance group.,https://blueprint.uchicago.edu/organization/catcher
57,Catholic Students Association,Spiritual & Religious,Community and faith formation for Catholic undergraduate students.,https://blueprint.uchicago.edu/organization/csa
58,Catholic Students Association for Graduate and Professional Students,Spiritual & Religious,Catholic faith community for graduate and professional students at UChicago.,https://blueprint.uchicago.edu/organization/csa-grad
59,Center for Leadership and Involvement,Campus Governance,University office supporting and advising RSOs and student leadership.,https://blueprint.uchicago.edu/organization/cli
60,Central Asian Students Association,Cultural & International,Celebrates Central Asian cultures and builds community among students from the region.,https://blueprint.uchicago.edu/organization/casa
61,Central Asian Studies Society,Academic & Professional,"Academic group focused on Central Asian history, politics, and culture.",https://blueprint.uchicago.edu/organization/cass
62,Chabad,Spiritual & Religious,Jewish outreach organization offering Shabbat dinners and Jewish programming.,https://blueprint.uchicago.edu/organization/chabad
63,Charles River Economics Labs,Academic & Professional,Student economics research group conducting applied economic analysis.,https://blueprint.uchicago.edu/organization/crel
64,Cheerleading,Sports & Recreation,Supports UChicago athletics through spirit and performance routines.,https://blueprint.uchicago.edu/organization/cheerleading
65,Chemistry Society (Benzene),Academic & Professional,Community for chemistry students with academic and social programming.,https://blueprint.uchicago.edu/organization/benzene
66,Chess Club,Social & Recreation,Recreational and competitive chess for all skill levels.,https://blueprint.uchicago.edu/organization/chess
67,Chicago Debate Society,Academic & Professional,Competitive debate organization participating in parliamentary and policy formats.,https://blueprint.uchicago.edu/organization/debate
68,Chicago Economics Forum,Academic & Professional,"Hosts discussions on economics, policy, and related topics.",https://blueprint.uchicago.edu/organization/chicago-econ-forum
69,Chicago Italian Appreciation Organization,Cultural & International,"Promotes Italian culture, language, and community at UChicago.",https://blueprint.uchicago.edu/organization/ciao
70,Chicago Journal of Foreign Policy,Academic & Professional,Student-run publication covering international relations and foreign policy.,https://blueprint.uchicago.edu/organization/cjfp
71,Chicago Journal of Sociology,Academic & Professional,Student journal publishing undergraduate sociological research and essays.,https://blueprint.uchicago.edu/organization/cjs
72,Chicago Justice Initiative,Political & Social,Advocates for criminal justice reform and equitable legal systems.,https://blueprint.uchicago.edu/organization/cji
73,Chicago Linguistic Society,Academic & Professional,Academic organization for linguistics students and language enthusiasts.,https://blueprint.uchicago.edu/organization/cls
74,Chicago Luxury and Retail Association,Academic & Professional,Explores the luxury goods industry and retail business.,https://blueprint.uchicago.edu/organization/clra
75,Chicago Raas Team,Arts & Music,Competitive Gujarati folk dance team performing Raas and Garba.,https://blueprint.uchicago.edu/organization/chicago-raas
76,Chicago Shady Dealer,Arts & Music,UChicago's satirical campus newspaper and humor publication.,https://blueprint.uchicago.edu/organization/shady-dealer
77,Chicago Street Medicine,Health & Wellness,Provides direct medical care to homeless and underserved populations in Chicago.,https://blueprint.uchicago.edu/organization/street-medicine
78,Chicago Studies,Academic & Professional,"Interdisciplinary academic group studying Chicago's history, culture, and society.",https://blueprint.uchicago.edu/organization/chicago-studies
79,Chicago Swing Dance Society,Arts & Music,Teaches and performs Lindy Hop and other swing dance styles.,https://blueprint.uchicago.edu/organization/swing
80,Chinese Student Christian Fellowship,Spiritual & Religious,Christian fellowship for Chinese and Chinese American students.,https://blueprint.uchicago.edu/organization/cscf
81,Chinese Students and Scholars Association,Cultural & International,Supports Chinese students and scholars and promotes Chinese culture.,https://blueprint.uchicago.edu/organization/cssa
82,Chinese Undergraduate Students Association,Cultural & International,Community for Chinese undergraduate students at UChicago.,https://blueprint.uchicago.edu/organization/cusa
83,Christians on Campus,Spiritual & Religious,Nondenominational Christian fellowship for undergraduate students.,https://blueprint.uchicago.edu/organization/coc
84,CityStep UChicago,Service & Philanthropy,Teaches dance to Chicago elementary school students through outreach programs.,https://blueprint.uchicago.edu/organization/citystep
85,Classical Lecture Society,Academic & Professional,Hosts lectures and discussions on classical antiquity and ancient history.,https://blueprint.uchicago.edu/organization/classical-lecture
86,College Bowl Team,Academic & Professional,Competitive academic quiz bowl team.,https://blueprint.uchicago.edu/organization/college-bowl
87,College Council,Campus Governance,Undergraduate student governance body for college students.,https://blueprint.uchicago.edu/organization/college-council
88,College Republicans,Political & Social,Conservative student political organization on campus.,https://blueprint.uchicago.edu/organization/college-republicans
89,Colombians at UChicago,Cultural & International,Celebrates Colombian culture and connects Colombian students at UChicago.,https://blueprint.uchicago.edu/organization/colombians
90,Comer Tutors,Service & Philanthropy,Provides academic tutoring to youth in Chicago's South Side communities.,https://blueprint.uchicago.edu/organization/comer-tutors
91,Commedia dell'Arte,Arts & Music,Performs Italian comedic theatrical tradition of Commedia dell'Arte.,https://blueprint.uchicago.edu/organization/commedia
92,Community Health Initiative,Health & Wellness,Promotes health education and wellness resources for campus and community.,https://blueprint.uchicago.edu/organization/chi
93,Council On University Programming,Campus Governance,Plans and executes large-scale campus-wide social and entertainment events.,https://blueprint.uchicago.edu/organization/coup
94,Crew,Sports & Recreation,Collegiate rowing team competing in regattas.,https://blueprint.uchicago.edu/organization/crew
95,Critical Understanding of Liturgies and Traditions,Spiritual & Religious,Interfaith dialogue and exploration of religious practices.,https://blueprint.uchicago.edu/organization/cult
96,CS Student Activities Council,Academic & Professional,Plans academic and social programming for computer science students.,https://blueprint.uchicago.edu/organization/cs-sac
97,Cup of Theater,Arts & Music,Student improv and sketch comedy group.,https://blueprint.uchicago.edu/organization/cup-of-theater
98,Dance Council,Arts & Music,Umbrella organization coordinating UChicago's many dance groups.,https://blueprint.uchicago.edu/organization/dance-council
99,Data Science Society,Academic & Professional,Promotes data science education and projects among students.,https://blueprint.uchicago.edu/organization/dss
100,Dear Asian Youth,Political & Social,Amplifies Asian youth voices on social justice and community issues.,https://blueprint.uchicago.edu/organization/day
101,Defenders,Political & Social,Student organization focused on criminal defense and public defender work.,https://blueprint.uchicago.edu/organization/defenders
102,Delta Sigma Pi Professional Business Fraternity- Alpha Psi Chapter,Academic & Professional,Co-ed professional business fraternity for business and economics students.,https://blueprint.uchicago.edu/organization/dsp
103,Derivatives of Data Science,Academic & Professional,Applies data science methods to finance and economic research.,https://blueprint.uchicago.edu/organization/dods
104,Dirt Red Brass Band,Arts & Music,Student brass marching and street band performing at campus events.,https://blueprint.uchicago.edu/organization/dirt-red
105,Documentary Films,Arts & Music,Produces and screens documentary films on social and cultural topics.,https://blueprint.uchicago.edu/organization/documentary
106,DoGS Lunch,Academic & Professional,Lunch series for doctoral students across disciplines.,https://blueprint.uchicago.edu/organization/dogs
107,East African Student Association,Cultural & International,Celebrates East African cultures and builds community among East African students.,https://blueprint.uchicago.edu/organization/easa
108,Eckhart Consulting,Academic & Professional,Student consulting group focused on quantitative and analytical projects.,https://blueprint.uchicago.edu/organization/eckhart
109,Edge Entrepreneurship,Academic & Professional,Supports student entrepreneurs through mentorship and resources.,https://blueprint.uchicago.edu/organization/edge
110,Edmund Burke Society,Political & Social,Conservative intellectual discussion group on politics and society.,https://blueprint.uchicago.edu/organization/burke
111,Electrochemical Society,Academic & Professional,Student chapter advancing electrochemistry and materials science.,https://blueprint.uchicago.edu/organization/ecs
112,Emergency Medical Services,Health & Wellness,Student-run EMS organization providing emergency medical response on campus.,https://blueprint.uchicago.edu/organization/ems
113,Engineering Society,Academic & Professional,Community and resources for engineering students at UChicago.,https://blueprint.uchicago.edu/organization/engineering
114,ENoK - Empowerment/Emancipation of North Koreans,Political & Social,Raises awareness about North Korean human rights and supports defectors.,https://blueprint.uchicago.edu/organization/enok
115,Environmental Justice Task Force,Political & Social,Advocates for environmental justice and equitable climate policy.,https://blueprint.uchicago.edu/organization/ejtf
116,Environmental Law Society,Academic & Professional,Law student organization focused on environmental law and policy.,https://blueprint.uchicago.edu/organization/els
117,Environmental Research Group,Academic & Professional,Conducts and promotes student environmental research.,https://blueprint.uchicago.edu/organization/erg
118,Equestria,Social & Recreation,Equestrian club for horseback riding and horse care enthusiasts.,https://blueprint.uchicago.edu/organization/equestria
119,Ethics Bowl,Academic & Professional,Competitive team analyzing ethical dilemmas in a structured format.,https://blueprint.uchicago.edu/organization/ethics-bowl
120,Euphony Journal,Arts & Music,Student journal publishing poetry and creative writing.,https://blueprint.uchicago.edu/organization/euphony
121,Everest Society,Social & Recreation,Outdoor exploration and adventure club.,https://blueprint.uchicago.edu/organization/everest
122,EX Crew,Arts & Music,Street dance and hip-hop performance crew.,https://blueprint.uchicago.edu/organization/ex-crew
123,Federalist Society,Political & Social,Conservative and libertarian law student organization.,https://blueprint.uchicago.edu/organization/fed-soc
124,Fellowship of Christian Athletes,Spiritual & Religious,Christian community for student athletes.,https://blueprint.uchicago.edu/organization/fca
125,Feminist Forum,Political & Social,Discusses feminist theory and advocates for gender equity.,https://blueprint.uchicago.edu/organization/feminist-forum
126,Fencing Club,Sports & Recreation,Competitive and recreational fencing for all skill levels.,https://blueprint.uchicago.edu/organization/fencing
127,Festival of the Arts,Arts & Music,Annual arts festival showcasing student creative talent.,https://blueprint.uchicago.edu/organization/fota
128,Field Hockey,Sports & Recreation,Collegiate club field hockey team.,https://blueprint.uchicago.edu/organization/field-hockey
129,Fire Escape Films,Arts & Music,Student film production organization making short films and features.,https://blueprint.uchicago.edu/organization/fire-escape
130,Firebird Magazine,Arts & Music,Student literary and visual arts magazine.,https://blueprint.uchicago.edu/organization/firebird
131,Folklore Society,Academic & Professional,"Studies and celebrates folklore, mythology, and oral traditions.",https://blueprint.uchicago.edu/organization/folklore
132,Food Recovery Network,Service & Philanthropy,Recovers surplus food from campus dining and donates it to those in need.,https://blueprint.uchicago.edu/organization/frn
133,Food Run Project,Service & Philanthropy,Delivers meals to unhoused individuals in the Chicago community.,https://blueprint.uchicago.edu/organization/food-run
134,Formula SAE,Academic & Professional,Designs and builds a formula-style race car for national competitions.,https://blueprint.uchicago.edu/organization/formula-sae
135,French Club,Cultural & International,Promotes French language and Francophone culture at UChicago.,https://blueprint.uchicago.edu/organization/french-club
136,Friends of Washington Park Youth Program,Service & Philanthropy,Mentors and supports youth in the Washington Park neighborhood.,https://blueprint.uchicago.edu/organization/fwpyp
137,Furries at UChicago,Social & Recreation,Social community for students interested in anthropomorphic art and fandom.,https://blueprint.uchicago.edu/organization/furries
138,Game Design,Social & Recreation,Designs and develops tabletop and digital games.,https://blueprint.uchicago.edu/organization/game-design
139,Game Music Ensemble,Arts & Music,Performs video game music in concert arrangements.,https://blueprint.uchicago.edu/organization/gme
140,Gargoyle Consulting Club,Academic & Professional,Student consulting organization advising nonprofit and social-impact clients.,https://blueprint.uchicago.edu/organization/gargoyle
141,Gateway to the Great Outdoors,Sports & Recreation,"Organizes outdoor recreation trips like hiking, camping, and climbing.",https://blueprint.uchicago.edu/organization/gateway
142,GeneHackers,Academic & Professional,"Explores synthetic biology, genetic engineering, and biotechnology.",https://blueprint.uchicago.edu/organization/genehackers
143,Generations,Service & Philanthropy,Intergenerational program connecting students with senior community members.,https://blueprint.uchicago.edu/organization/generations
144,German Club,Cultural & International,Promotes German language and culture at UChicago.,https://blueprint.uchicago.edu/organization/german-club
145,Go Club,Social & Recreation,Plays and studies the ancient strategy board game Go.,https://blueprint.uchicago.edu/organization/go-club
146,Graduate Christian Fellowship,Spiritual & Religious,Christian community and fellowship for graduate students.,https://blueprint.uchicago.edu/organization/gcf
147,Grappling,Sports & Recreation,"Practices submission wrestling, Brazilian jiu-jitsu, and grappling sports.",https://blueprint.uchicago.edu/organization/grappling
148,Groove Theory,Arts & Music,Hip-hop and urban dance performance group.,https://blueprint.uchicago.edu/organization/groove-theory
149,Guild of Change Ringers,Arts & Music,Practices English change ringing on church bells.,https://blueprint.uchicago.edu/organization/guild
150,Gymnastics Club,Sports & Recreation,Recreational and competitive gymnastics for all levels.,https://blueprint.uchicago.edu/organization/gymnastics
151,Harris Community Action,Service & Philanthropy,Connects Harris School students with community-based policy projects.,https://blueprint.uchicago.edu/organization/hca
152,Health Professions Recruitment and Exposure Program,Health & Wellness,Exposes underrepresented minority youth to health careers.,https://blueprint.uchicago.edu/organization/hprep
153,Hellenic Student Association,Cultural & International,Celebrates Greek culture and connects Hellenic students at UChicago.,https://blueprint.uchicago.edu/organization/hellenic
154,High Fidelity Music Collective,Arts & Music,Promotes independent and alternative music appreciation and discovery.,https://blueprint.uchicago.edu/organization/high-fidelity
155,Hindu Sangam,Spiritual & Religious,Hindu cultural and spiritual community at UChicago.,https://blueprint.uchicago.edu/organization/hindu-sangam
156,Hispanic and Luso-Brazilian Student Committee,Cultural & International,Supports Hispanic and Luso-Brazilian students and promotes Ibero-American culture.,https://blueprint.uchicago.edu/organization/hlbsc
157,Hong Kong Student Association,Cultural & International,Connects students from Hong Kong and promotes Hong Kong culture.,https://blueprint.uchicago.edu/organization/hksa
158,HOPES 4 Foundations,Service & Philanthropy,Service organization focused on community development and youth empowerment.,https://blueprint.uchicago.edu/organization/hopes
159,Ice Hockey (Men's),Sports & Recreation,Competitive men's club ice hockey team.,https://blueprint.uchicago.edu/organization/mens-hockey
160,Ice Hockey (Women's),Sports & Recreation,Competitive women's club ice hockey team.,https://blueprint.uchicago.edu/organization/womens-hockey
161,Impact Scholars Institute,Academic & Professional,Supports first-generation and low-income students in professional development.,https://blueprint.uchicago.edu/organization/impact-scholars
162,Indonesian Student Association at The University of Chicago,Cultural & International,Promotes Indonesian culture and community for Indonesian students.,https://blueprint.uchicago.edu/organization/isa
163,Institute of Politics,Political & Social,Engages students in public service and political discourse through programs and fellowships.,https://blueprint.uchicago.edu/organization/iop
164,International Leadership Council,Campus Governance,Coordinates international student organizations on campus.,https://blueprint.uchicago.edu/organization/ilc
165,International Student Organization,Cultural & International,Supports international students and promotes cross-cultural exchange.,https://blueprint.uchicago.edu/organization/iso
166,Jade Chinese Music Ensemble,Arts & Music,Performs traditional and contemporary Chinese music.,https://blueprint.uchicago.edu/organization/jade
167,Japanese Student Association,Cultural & International,Promotes Japanese culture and connects Japanese students at UChicago.,https://blueprint.uchicago.edu/organization/jsa
168,JGrads Chabad at UChicago,Spiritual & Religious,Chabad Jewish outreach for graduate students at UChicago.,https://blueprint.uchicago.edu/organization/jgrads-chabad
169,Joint Research Safety Initiative,Academic & Professional,Promotes lab and research safety standards among student researchers.,https://blueprint.uchicago.edu/organization/jrsi
170,Judo Club,Sports & Recreation,"Practices judo, a Japanese martial art and Olympic sport.",https://blueprint.uchicago.edu/organization/judo
171,Jugglers Enriching Lives Like Yours,Social & Recreation,Teaches and performs juggling and circus arts.,https://blueprint.uchicago.edu/organization/jelly
172,Kababayan,Cultural & International,Filipino cultural organization building community and celebrating Filipino heritage.,https://blueprint.uchicago.edu/organization/kababayan
173,Kappa Theta Pi,Academic & Professional,Professional technology fraternity for students in tech fields.,https://blueprint.uchicago.edu/organization/ktp
174,Kendo Club,Sports & Recreation,"Practices kendo, traditional Japanese sword-fighting martial art.",https://blueprint.uchicago.edu/organization/kendo
175,"Kheyal, Bengali Student Association",Cultural & International,"Celebrates Bengali language, culture, and arts at UChicago.",https://blueprint.uchicago.edu/organization/kheyal
176,Kitchen Sink,Arts & Music,Experimental and avant-garde theater and performance group.,https://blueprint.uchicago.edu/organization/kitchen-sink
177,Kojo Daiko,Arts & Music,Japanese taiko drumming ensemble.,https://blueprint.uchicago.edu/organization/kojo-daiko
178,Korean Students Organization,Cultural & International,Promotes Korean culture and community for Korean students at UChicago.,https://blueprint.uchicago.edu/organization/kso
179,Kreyòl Club,Cultural & International,Celebrates Haitian Creole culture and supports Haitian students.,https://blueprint.uchicago.edu/organization/kreyol
180,Lacrosse (Men's),Sports & Recreation,Competitive men's club lacrosse team.,https://blueprint.uchicago.edu/organization/mens-lacrosse
181,Latin American Matters,Academic & Professional,"Academic organization studying Latin American politics, culture, and society.",https://blueprint.uchicago.edu/organization/lam
182,Latine Law Students Association,Academic & Professional,Supports Latine law students and promotes diversity in the legal profession.,https://blueprint.uchicago.edu/organization/llsa
183,Latino Medical Student Association,Health & Wellness,Supports Latino medical students and promotes health equity in Latino communities.,https://blueprint.uchicago.edu/organization/lmsa
184,Law and Economics Society,Academic & Professional,Studies the intersection of law and economic analysis.,https://blueprint.uchicago.edu/organization/law-econ
185,Law of the Land,Academic & Professional,Examines legal issues affecting underrepresented communities.,https://blueprint.uchicago.edu/organization/lotl
186,Law Students for Israel,Political & Social,Law student organization supporting Israel and related legal issues.,https://blueprint.uchicago.edu/organization/lsi
187,Law Women's Caucus,Academic & Professional,Supports women in law and advocates for gender equity in the legal field.,https://blueprint.uchicago.edu/organization/law-womens
188,Lawtines+,Academic & Professional,Latino law student organization supporting community and professional development.,https://blueprint.uchicago.edu/organization/lawtines
189,Le Vorris & Vox Circus,Arts & Music,Student circus arts organization performing acrobatics and aerial arts.,https://blueprint.uchicago.edu/organization/circus
190,Life of the Mic,Arts & Music,Spoken word poetry and open mic performance organization.,https://blueprint.uchicago.edu/organization/life-of-mic
191,Lutheran Campus Ministry,Spiritual & Religious,Lutheran faith community for UChicago students.,https://blueprint.uchicago.edu/organization/lutheran
192,Made by Asian Minds in Action,Academic & Professional,Empowers Asian students through entrepreneurship and creative projects.,https://blueprint.uchicago.edu/organization/mama
193,Major Activities Board,Campus Governance,Brings major entertainment acts and large-scale events to campus.,https://blueprint.uchicago.edu/organization/mab
194,Malaysian Students Association,Cultural & International,Promotes Malaysian culture and builds community for Malaysian students.,https://blueprint.uchicago.edu/organization/msa-malaysia
195,Maria Shelters Resource Connection Program,Service & Philanthropy,Connects domestic violence shelter residents with community resources.,https://blueprint.uchicago.edu/organization/maria-shelters
196,Maroon Capital,Academic & Professional,Student-run venture capital and investment fund.,https://blueprint.uchicago.edu/organization/maroon-capital
197,Maroon TV,Arts & Music,Student-run television and video production organization.,https://blueprint.uchicago.edu/organization/maroon-tv
198,Maroons for Israel,Political & Social,Student organization supporting Israel and Jewish causes at UChicago.,https://blueprint.uchicago.edu/organization/maroons-israel
199,Masaryk Club,Cultural & International,Promotes Czech and Slovak culture and history at UChicago.,https://blueprint.uchicago.edu/organization/masaryk
200,Math Club,Academic & Professional,Mathematics community for undergraduates with talks and competitions.,https://blueprint.uchicago.edu/organization/math-club
201,MECHA,Political & Social,Chicano student organization promoting Latino empowerment and education.,https://blueprint.uchicago.edu/organization/mecha
202,Med-ucate,Health & Wellness,Educates underserved youth about health topics and medical careers.,https://blueprint.uchicago.edu/organization/med-ucate
203,MEDLIFE,Health & Wellness,Provides healthcare and education to low-income communities internationally.,https://blueprint.uchicago.edu/organization/medlife
204,Medusa,Arts & Music,Student creative writing and literary arts collective.,https://blueprint.uchicago.edu/organization/medusa
205,Memoryhouse,Arts & Music,Photography and visual storytelling collective.,https://blueprint.uchicago.edu/organization/memoryhouse
206,Men's Rugby,Sports & Recreation,Competitive men's club rugby union team.,https://blueprint.uchicago.edu/organization/mens-rugby
207,Men's/Coed Squash Club,Sports & Recreation,Recreational and competitive squash for all levels.,https://blueprint.uchicago.edu/organization/squash
208,Middle Eastern Studies Student Association,Academic & Professional,Academic organization for students studying the Middle East.,https://blueprint.uchicago.edu/organization/messa
209,Midwave Radio,Arts & Music,UChicago's student-run online radio station.,https://blueprint.uchicago.edu/organization/midwave
210,Midway Ventures,Academic & Professional,Student entrepreneurship and startup incubator.,https://blueprint.uchicago.edu/organization/midway-ventures
211,Mindscapes,Health & Wellness,Mental health advocacy and neuroscience education organization.,https://blueprint.uchicago.edu/organization/mindscapes
212,Minorities in Public Policy Studies,Political & Social,Supports underrepresented minorities in public policy education.,https://blueprint.uchicago.edu/organization/mpps
213,Mock Trial Team,Academic & Professional,Competes in intercollegiate mock trial competitions.,https://blueprint.uchicago.edu/organization/mock-trial
214,MODA,Arts & Music,Student fashion design and style organization.,https://blueprint.uchicago.edu/organization/moda
215,Model United Nations of the University of Chicago,Academic & Professional,Hosts UChicago's Model UN conference for high school students.,https://blueprint.uchicago.edu/organization/munuc
216,"Model United Nations Team, U of C",Academic & Professional,Competitive collegiate Model UN team.,https://blueprint.uchicago.edu/organization/mun-team
217,Moneythink,Service & Philanthropy,Teaches financial literacy to Chicago high school students.,https://blueprint.uchicago.edu/organization/moneythink
218,Moot Court Team,Academic & Professional,Competes in intercollegiate appellate moot court competitions.,https://blueprint.uchicago.edu/organization/moot-court
219,Muslim Medical Student Association,Health & Wellness,Supports Muslim medical students and promotes culturally competent care.,https://blueprint.uchicago.edu/organization/mmsa
220,Muslim Students Association,Spiritual & Religious,Islamic faith community and cultural organization at UChicago.,https://blueprint.uchicago.edu/organization/msa
221,National Council of Negro Women - UChicago Collegiate Section,Political & Social,"Empowers Black women through leadership, advocacy, and service.",https://blueprint.uchicago.edu/organization/ncnw
222,National Society of Black Engineers,Academic & Professional,Supports Black students in engineering and technical disciplines.,https://blueprint.uchicago.edu/organization/nsbe
223,NEURO Club,Academic & Professional,Neuroscience interest and research club for undergraduates.,https://blueprint.uchicago.edu/organization/neuro
224,New Americans UChicago,Political & Social,Supports immigrant and refugee students and advocates for immigration justice.,https://blueprint.uchicago.edu/organization/new-americans
225,neXus Dance Collective,Arts & Music,Contemporary dance performance and choreography collective.,https://blueprint.uchicago.edu/organization/nexus
226,Nigerian Students Association,Cultural & International,Celebrates Nigerian culture and builds community among Nigerian students.,https://blueprint.uchicago.edu/organization/nsa
227,Occam's Razor,Academic & Professional,Philosophy and critical thinking discussion group.,https://blueprint.uchicago.edu/organization/occams-razor
228,Oeconomica,Academic & Professional,Undergraduate economics research journal and society.,https://blueprint.uchicago.edu/organization/oeconomica
229,Open Ultimate,Sports & Recreation,Co-ed ultimate frisbee team open to all students.,https://blueprint.uchicago.edu/organization/open-ultimate
230,Organization of Black Students,Cultural & International,"Central organization for Black student life, culture, and advocacy at UChicago.",https://blueprint.uchicago.edu/organization/obs
231,Organization of Latin American Students,Cultural & International,Promotes Latin American culture and supports Latino students.,https://blueprint.uchicago.edu/organization/olas
232,Orthodox Christian Fellowship,Spiritual & Religious,Eastern Orthodox Christian community at UChicago.,https://blueprint.uchicago.edu/organization/ocf
233,Out for Business,Academic & Professional,Supports LGBTQ+ students in business careers.,https://blueprint.uchicago.edu/organization/out-for-business
234,Outdoor Adventure Club,Sports & Recreation,"Organizes rock climbing, hiking, and other outdoor trips.",https://blueprint.uchicago.edu/organization/oac
235,OUTPatient,Health & Wellness,Advocates for LGBTQ+ health equity and supports queer students in medicine.,https://blueprint.uchicago.edu/organization/outpatient
236,Outside the Lines,Service & Philanthropy,Uses art therapy and creative programs to support at-risk youth.,https://blueprint.uchicago.edu/organization/outside-lines
237,Pakistan Students Association,Cultural & International,Celebrates Pakistani culture and builds community among Pakistani students.,https://blueprint.uchicago.edu/organization/psa
238,Paleontology Club,Academic & Professional,"Explores fossils, evolution, and the history of life on Earth.",https://blueprint.uchicago.edu/organization/paleo
239,Pan-Asian Martial Arts,Sports & Recreation,Practices various Asian martial arts traditions.,https://blueprint.uchicago.edu/organization/pama
240,PanAsian Solidarity Coalition,Political & Social,Advocates for pan-Asian solidarity and social justice.,https://blueprint.uchicago.edu/organization/pasc
241,Paragon Global Investments,Academic & Professional,Student investment fund focused on global equity markets.,https://blueprint.uchicago.edu/organization/paragon
242,Pareto Solutions,Academic & Professional,Pro-bono consulting for nonprofit and social enterprise organizations.,https://blueprint.uchicago.edu/organization/pareto
243,Paul Douglas Institute,Academic & Professional,Policy research and civic engagement organization.,https://blueprint.uchicago.edu/organization/paul-douglas
244,Pediatric Health and Wellness Initiative,Health & Wellness,Promotes child health and connects students with pediatric healthcare.,https://blueprint.uchicago.edu/organization/phwi
245,Pep Band,Arts & Music,Supports UChicago athletics with live music at sporting events.,https://blueprint.uchicago.edu/organization/pep-band
246,Persian Cultural Pantheon,Cultural & International,Promotes Persian culture and heritage at UChicago.,https://blueprint.uchicago.edu/organization/pcp
247,Phi Alpha Delta,Academic & Professional,Pre-law fraternity promoting legal education and civic engagement.,https://blueprint.uchicago.edu/organization/pad
248,Philosophy Review,Academic & Professional,Student philosophy journal publishing undergraduate philosophical work.,https://blueprint.uchicago.edu/organization/philosophy-review
249,Phoenix Development Fund,Academic & Professional,Student-run microfinance and development fund.,https://blueprint.uchicago.edu/organization/phoenix-dev
250,Phoenix Farms,Service & Philanthropy,Urban farming initiative promoting sustainable food practices.,https://blueprint.uchicago.edu/organization/phoenix-farms
251,Phoenix Funds,Academic & Professional,Student investment and financial literacy organization.,https://blueprint.uchicago.edu/organization/phoenix-funds
252,Phoenix Gaming,Social & Recreation,Video gaming and esports community at UChicago.,https://blueprint.uchicago.edu/organization/phoenix-gaming
253,Phoenix Survivors Alliance,Health & Wellness,Supports survivors of sexual assault and promotes campus safety.,https://blueprint.uchicago.edu/organization/psa-survivors
254,Phoenix Sustainability Initiative,Political & Social,Promotes environmental sustainability on campus and in the community.,https://blueprint.uchicago.edu/organization/phoenix-sustainability
255,Phoenix Tutoring,Service & Philanthropy,Provides free tutoring to UChicago and community students.,https://blueprint.uchicago.edu/organization/phoenix-tutoring
256,Phoenix Undergraduate Biological Sciences Organization,Academic & Professional,Community for undergraduate biology students.,https://blueprint.uchicago.edu/organization/pubso
257,Pickleball,Sports & Recreation,Recreational and competitive pickleball club.,https://blueprint.uchicago.edu/organization/pickleball
258,Platypus,Political & Social,Engages with the history and contemporary politics of the left.,https://blueprint.uchicago.edu/organization/platypus
259,Poema,Arts & Music,Spanish-language poetry and literary organization.,https://blueprint.uchicago.edu/organization/poema
260,Polish American Student Association,Cultural & International,Celebrates Polish and Polish-American culture at UChicago.,https://blueprint.uchicago.edu/organization/pasa
261,Prism Consulting,Academic & Professional,Consulting organization supporting LGBTQ+ inclusive business practices.,https://blueprint.uchicago.edu/organization/prism
262,Project Level the Field: University of Chicago,Service & Philanthropy,Promotes sports equity and access for underserved youth.,https://blueprint.uchicago.edu/organization/level-field
263,Project Reproductive Freedom,Political & Social,Advocates for reproductive rights and healthcare access.,https://blueprint.uchicago.edu/organization/prf
264,Promontory Investment Research,Academic & Professional,Student equity research and investment analysis organization.,https://blueprint.uchicago.edu/organization/promontory
265,Psychology Student's Organization (Graduate),Academic & Professional,Community and resources for graduate psychology students.,https://blueprint.uchicago.edu/organization/pso-grad
266,Public Policy Podcasts,Academic & Professional,Produces podcasts on public policy issues and research.,https://blueprint.uchicago.edu/organization/policy-podcasts
267,PULSE Magazine,Arts & Music,Student lifestyle and culture magazine.,https://blueprint.uchicago.edu/organization/pulse
268,Quad Capital Management,Academic & Professional,Student-run quantitative investment and trading organization.,https://blueprint.uchicago.edu/organization/quad-capital
269,Queer Student-Athletes and Allies,Political & Social,Supports LGBTQ+ student athletes and promotes inclusive sports culture.,https://blueprint.uchicago.edu/organization/qsaa
270,Real Estate Investment Group,Academic & Professional,Studies real estate markets and investment strategies.,https://blueprint.uchicago.edu/organization/reig
271,Reflection and Engagement with Latter-day Saint Identity and Culture,Spiritual & Religious,LDS/Mormon student community and faith organization.,https://blueprint.uchicago.edu/organization/relic
272,Remedy,Health & Wellness,Student health advocacy and medical access organization.,https://blueprint.uchicago.edu/organization/remedy
273,Rhythm & Jews,Arts & Music,Jewish a cappella singing group.,https://blueprint.uchicago.edu/organization/rhythm-jews
274,Rhythmic Bodies in Motion,Arts & Music,African and Caribbean dance and performance group.,https://blueprint.uchicago.edu/organization/rbm
275,RSO Peer Advisors,Campus Governance,Student advisors supporting other RSOs with resources and guidance.,https://blueprint.uchicago.edu/organization/rso-peer
276,Rugby (Women's),Sports & Recreation,Competitive women's club rugby union team.,https://blueprint.uchicago.edu/organization/womens-rugby
277,Run For Cover,Arts & Music,Student cover band and live music performance group.,https://blueprint.uchicago.edu/organization/run-for-cover
278,Rural Student Alliance,Political & Social,Advocates for rural students and promotes rural community issues.,https://blueprint.uchicago.edu/organization/rural
279,Russian-speaking Student Association,Cultural & International,Connects Russian-speaking students and promotes Russian culture.,https://blueprint.uchicago.edu/organization/rssa
280,Ryerson Astronomical Society,Academic & Professional,Astronomy and stargazing club for space enthusiasts.,https://blueprint.uchicago.edu/organization/ryerson-astro
281,Sailing Club,Sports & Recreation,Teaches sailing and competes in collegiate sailing regattas.,https://blueprint.uchicago.edu/organization/sailing
282,Saudi Student Association,Cultural & International,Connects Saudi students and promotes Saudi culture at UChicago.,https://blueprint.uchicago.edu/organization/ssa
283,Scavenger Hunt,Social & Recreation,Organizes UChicago's legendary annual campus-wide Scav Hunt competition.,https://blueprint.uchicago.edu/organization/scav
284,Scholars of Finance,Academic & Professional,Develops financial literacy and investment skills among students.,https://blueprint.uchicago.edu/organization/scholars-finance
285,Science Olympiad,Academic & Professional,Hosts Science Olympiad competitions for high school students.,https://blueprint.uchicago.edu/organization/science-olympiad
286,Seers of the Divine Revelation,Spiritual & Religious,Interfaith spiritual exploration and discussion group.,https://blueprint.uchicago.edu/organization/seers
287,SEVA Free Clinic,Health & Wellness,Student-run free clinic serving underserved South Asian communities.,https://blueprint.uchicago.edu/organization/seva
288,Sexual Assault Awareness and Prevention,Health & Wellness,Educates campus community and advocates for sexual violence prevention.,https://blueprint.uchicago.edu/organization/saap
289,Shotokan Karate,Sports & Recreation,Practices Shotokan-style traditional Japanese karate.,https://blueprint.uchicago.edu/organization/karate
290,Sikh Student Association,Spiritual & Religious,Sikh faith community promoting Sikh culture and values at UChicago.,https://blueprint.uchicago.edu/organization/sikh
291,Sin Guion: UChicago Spanish Improv,Arts & Music,Spanish-language improvisational comedy group.,https://blueprint.uchicago.edu/organization/sin-guion
292,Singapore Society,Cultural & International,Promotes Singaporean culture and connects Singaporean students.,https://blueprint.uchicago.edu/organization/singapore
293,Sliced Bread,Arts & Music,Student sketch comedy and humor group.,https://blueprint.uchicago.edu/organization/sliced-bread
294,Smart Woman Securities,Academic & Professional,Empowers women in finance and investing through education.,https://blueprint.uchicago.edu/organization/sws
295,Society for International Relations,Academic & Professional,"Studies global affairs, international law, and diplomacy.",https://blueprint.uchicago.edu/organization/sir
296,Society for Molecular Engineering,Academic & Professional,Promotes molecular engineering research and education.,https://blueprint.uchicago.edu/organization/sme
297,Society for the Advancement of Chicanos and Native Americans in STEM,Academic & Professional,Supports Chicano and Native American students in STEM fields.,https://blueprint.uchicago.edu/organization/sacnas
298,Society of Asian Scientists and Engineers,Academic & Professional,Professional development for Asian students in science and engineering.,https://blueprint.uchicago.edu/organization/sase
299,Society of Hispanic Professional Engineers,Academic & Professional,Supports Hispanic students in engineering and technical careers.,https://blueprint.uchicago.edu/organization/shpe
300,Society of Physics Students,Academic & Professional,"Physics community with talks, outreach, and professional development.",https://blueprint.uchicago.edu/organization/sps
301,Society of Women Engineers,Academic & Professional,Supports women in engineering through mentorship and networking.,https://blueprint.uchicago.edu/organization/swe
302,Society of Women in Physics,Academic & Professional,Community for women and gender minorities in physics.,https://blueprint.uchicago.edu/organization/swip
303,Society of Women+ in Math,Academic & Professional,Supports women and underrepresented groups in mathematics.,https://blueprint.uchicago.edu/organization/swm
304,South Asian Medical Student Association,Health & Wellness,Supports South Asian medical students and promotes culturally competent care.,https://blueprint.uchicago.edu/organization/samsa
305,South Asian Students' Association,Cultural & International,Celebrates South Asian cultures and builds community for South Asian students.,https://blueprint.uchicago.edu/organization/sasa
306,South Side Free Music Program,Service & Philanthropy,Provides free music lessons to youth on Chicago's South Side.,https://blueprint.uchicago.edu/organization/ssfmp
307,South Side Science Scholars,Service & Philanthropy,Promotes STEM education among youth on Chicago's South Side.,https://blueprint.uchicago.edu/organization/ssss
308,Southside Scribblers,Arts & Music,Creative writing and storytelling group.,https://blueprint.uchicago.edu/organization/scribblers
309,SPIE Student Chapter,Academic & Professional,Optics and photonics student chapter of the international SPIE organization.,https://blueprint.uchicago.edu/organization/spie
310,Splash! Chicago,Service & Philanthropy,Teaches enrichment classes to Chicago middle and high school students.,https://blueprint.uchicago.edu/organization/splash
311,Sports Analytics Group at the University of Chicago,Academic & Professional,Applies data analytics to sports performance and strategy.,https://blueprint.uchicago.edu/organization/saga
312,Student Global Health Alliance,Health & Wellness,Advocates for global health equity and sustainable development.,https://blueprint.uchicago.edu/organization/sgha
313,Student National Medical Association - Graduate,Health & Wellness,Supports underrepresented minority students in graduate health programs.,https://blueprint.uchicago.edu/organization/snma-grad
314,Student National Medical Association-Minority Association of Pre-Med Students,Health & Wellness,Supports minority pre-medical students through mentorship and resources.,https://blueprint.uchicago.edu/organization/maps
315,Students for Justice in Palestine,Political & Social,Advocates for Palestinian human rights and an end to occupation.,https://blueprint.uchicago.edu/organization/sjp
316,"Supplies For Dreams, University of Chicago Chapter",Service & Philanthropy,Collects school supplies for underserved youth in Chicago.,https://blueprint.uchicago.edu/organization/supplies-dreams
317,Sustainable Investing Group,Academic & Professional,Researches ESG investing and sustainability-focused finance.,https://blueprint.uchicago.edu/organization/sig
318,Table Tennis Club,Sports & Recreation,Recreational and competitive table tennis for all levels.,https://blueprint.uchicago.edu/organization/table-tennis
319,TableTop Tuesdays,Social & Recreation,Hosts weekly board game and tabletop RPG sessions.,https://blueprint.uchicago.edu/organization/tabletop
320,Tae Kwon Do Club,Sports & Recreation,"Practices Tae Kwon Do, a Korean martial art and Olympic sport.",https://blueprint.uchicago.edu/organization/tkd
321,Taiwanese American Student Association,Cultural & International,Celebrates Taiwanese American identity and culture.,https://blueprint.uchicago.edu/organization/tasa
322,Taiwanese Student Association,Cultural & International,Promotes Taiwanese culture and connects Taiwanese students.,https://blueprint.uchicago.edu/organization/tsa
323,TAMID Group,Academic & Professional,Connects students with Israeli startups and business through consulting.,https://blueprint.uchicago.edu/organization/tamid
324,Tap That!,Arts & Music,Tap dance performance and instruction group.,https://blueprint.uchicago.edu/organization/tap-that
325,Tech Savvy Friends,Service & Philanthropy,Teaches technology skills to senior citizens in the Chicago community.,https://blueprint.uchicago.edu/organization/tech-savvy
326,Tennis Club,Sports & Recreation,Recreational and competitive tennis for all levels.,https://blueprint.uchicago.edu/organization/tennis
327,Thai Student Association,Cultural & International,Promotes Thai culture and connects Thai students at UChicago.,https://blueprint.uchicago.edu/organization/thai
328,The Black Graduate Coalition,Cultural & International,Community and advocacy organization for Black graduate students.,https://blueprint.uchicago.edu/organization/bgc
329,The Chicago Skeptics Society,Academic & Professional,Promotes scientific skepticism and critical thinking.,https://blueprint.uchicago.edu/organization/skeptics
330,The Classics Society,Academic & Professional,Academic community for students of Greek and Latin language and literature.,https://blueprint.uchicago.edu/organization/classics
331,The Derivatives Group,Academic & Professional,"Focuses on derivatives markets, options, and quantitative finance.",https://blueprint.uchicago.edu/organization/derivatives
332,The Emergency Fund-Student Government,Campus Governance,Administers emergency financial assistance to students in need.,https://blueprint.uchicago.edu/organization/emergency-fund
333,The Glass Eyeball,Arts & Music,"Student journal of philosophy, literature, and the arts.",https://blueprint.uchicago.edu/organization/glass-eyeball
334,The Histones,Arts & Music,Science-themed a cappella singing group.,https://blueprint.uchicago.edu/organization/histones
335,The Mark,Arts & Music,Student visual arts and design publication.,https://blueprint.uchicago.edu/organization/the-mark
336,The Ransom Notes,Arts & Music,Co-ed a cappella group performing a range of musical styles.,https://blueprint.uchicago.edu/organization/ransom-notes
337,The South Side Free Clinic,Health & Wellness,Student-run free medical clinic serving South Side Chicago residents.,https://blueprint.uchicago.edu/organization/south-side-clinic
338,The Student Research Society,Academic & Professional,Supports undergraduate research across all disciplines.,https://blueprint.uchicago.edu/organization/srs
339,The Triple Helix,Academic & Professional,Publishes an undergraduate journal on science in society.,https://blueprint.uchicago.edu/organization/triple-helix
340,The University of Chicago Chapter of Partners in Health Engage,Health & Wellness,Advocates for global health equity inspired by Partners in Health.,https://blueprint.uchicago.edu/organization/pih
341,The University of Chicago Glee Club,Arts & Music,Mixed-voice choral ensemble performing classical and popular repertoire.,https://blueprint.uchicago.edu/organization/glee-club
342,The University of Chicago Golf Club,Sports & Recreation,Recreational golf club for students.,https://blueprint.uchicago.edu/organization/golf
343,The University of Chicago Mexican Association,Cultural & International,Promotes Mexican culture and supports Mexican students at UChicago.,https://blueprint.uchicago.edu/organization/ucma
344,The University of Chicago Sustainability Dialogue,Political & Social,Promotes campus sustainability through dialogue and advocacy.,https://blueprint.uchicago.edu/organization/sustainability-dialogue
345,The Visuals Series,Arts & Music,Curates visual art events and gallery exhibitions on campus.,https://blueprint.uchicago.edu/organization/visuals
346,Tiger Talks,Academic & Professional,Student speaker series and public talks organization.,https://blueprint.uchicago.edu/organization/tiger-talks
347,Tight Knit,Arts & Music,Student knitting and fiber arts community.,https://blueprint.uchicago.edu/organization/tight-knit
348,TriSCI,Academic & Professional,Undergraduate research and science communication organization.,https://blueprint.uchicago.edu/organization/trisci
349,Turkish Students Association,Cultural & International,Celebrates Turkish culture and connects Turkish students at UChicago.,https://blueprint.uchicago.edu/organization/turkish
350,Turning Point USA at UChicago,Political & Social,Conservative student advocacy organization.,https://blueprint.uchicago.edu/organization/tpusa
351,UC Dancers,Arts & Music,Diverse dance performance group showcasing multiple dance styles.,https://blueprint.uchicago.edu/organization/uc-dancers
352,UC Psych,Academic & Professional,Psychology student organization with research and community events.,https://blueprint.uchicago.edu/organization/uc-psych
353,UChicago Aag,Cultural & International,South Asian cultural and arts organization celebrating Desi culture.,https://blueprint.uchicago.edu/organization/aag
354,UChicago ABLE,Service & Philanthropy,Promotes disability awareness and inclusion on campus.,https://blueprint.uchicago.edu/organization/able
355,UChicago ACM,Academic & Professional,Student chapter of the Association for Computing Machinery.,https://blueprint.uchicago.edu/organization/acm
356,UChicago Air Force ROTC,Academic & Professional,Air Force officer training program for UChicago students.,https://blueprint.uchicago.edu/organization/rotc-af
357,UChicago Alt Protein Project,Academic & Professional,Explores alternative protein research and sustainable food systems.,https://blueprint.uchicago.edu/organization/alt-protein
358,UChicago Barbershop Harmony Club,Arts & Music,Performs traditional four-part barbershop harmony music.,https://blueprint.uchicago.edu/organization/barbershop
359,UChicago Behavioral Economics Association,Academic & Professional,Studies behavioral economics and its applications.,https://blueprint.uchicago.edu/organization/bea
360,UChicago Bhangra,Arts & Music,Competitive Punjabi Bhangra folk dance team.,https://blueprint.uchicago.edu/organization/bhangra
361,UChicago Biotechnology Association,Academic & Professional,Promotes biotechnology research and career development.,https://blueprint.uchicago.edu/organization/biotech
362,UChicago Buddhist Association,Spiritual & Religious,"Buddhist community for meditation, study, and practice.",https://blueprint.uchicago.edu/organization/buddhist
363,UChicago Ceramics,Arts & Music,Hands-on ceramics and pottery studio group.,https://blueprint.uchicago.edu/organization/ceramics
364,UChicago Chinese Opera Society,Arts & Music,Performs and promotes traditional Chinese opera.,https://blueprint.uchicago.edu/organization/chinese-opera
365,UChicago Coffee Lab,Social & Recreation,"Explores coffee science, brewing, and culture.",https://blueprint.uchicago.edu/organization/coffee-lab
366,UChicago Computational Biology Outreach,Academic & Professional,Promotes computational biology education and outreach.,https://blueprint.uchicago.edu/organization/comp-bio
367,UChicago Constructed Languages Society,Academic & Professional,Designs and studies constructed languages (conlangs).,https://blueprint.uchicago.edu/organization/conlang
368,UChicago Country Swing,Arts & Music,Teaches and practices country swing and western partner dancing.,https://blueprint.uchicago.edu/organization/country-swing
369,UChicago Credit Group,Academic & Professional,"Analyzes credit markets, fixed income, and debt instruments.",https://blueprint.uchicago.edu/organization/credit-group
370,UChicago Cyphers,Arts & Music,Hip-hop freestyle and cypher performance collective.,https://blueprint.uchicago.edu/organization/cyphers
371,UChicago Effective Altruism,Political & Social,Applies evidence and reason to find the highest-impact ways to help others.,https://blueprint.uchicago.edu/organization/ea
372,UChicago Energy & Climate Club,Academic & Professional,"Studies energy policy, climate science, and sustainability solutions.",https://blueprint.uchicago.edu/organization/energy-climate
373,UChicago Ethiopian And Eritrean Students Association,Cultural & International,Celebrates Ethiopian and Eritrean cultures and builds community.,https://blueprint.uchicago.edu/organization/eesa
374,UChicago Fed Challenge,Academic & Professional,Competes in the Federal Reserve's undergraduate economic analysis competition.,https://blueprint.uchicago.edu/organization/fed-challenge
375,UChicago Figure Skating,Sports & Recreation,Recreational and competitive figure skating club.,https://blueprint.uchicago.edu/organization/figure-skating
376,UChicago Financial Journal,Academic & Professional,Student journal publishing finance research and economic analysis.,https://blueprint.uchicago.edu/organization/financial-journal
377,UChicago Geographic Studies Club,Academic & Professional,"Studies geography, GIS, and spatial analysis.",https://blueprint.uchicago.edu/organization/geo-studies
378,UChicago Harm Reduction Project,Health & Wellness,Promotes harm reduction approaches to drug use and public health.,https://blueprint.uchicago.edu/organization/harm-reduction
379,UChicago Hillel,Spiritual & Religious,"Jewish student life organization offering Shabbat, culture, and community.",https://blueprint.uchicago.edu/organization/hillel
380,UChicago Kehillah,Spiritual & Religious,Jewish egalitarian prayer and community group at UChicago.,https://blueprint.uchicago.edu/organization/kehillah
381,UChicago M&A Group,Academic & Professional,"Studies mergers, acquisitions, and corporate finance.",https://blueprint.uchicago.edu/organization/ma-group
382,UChicago Mahjong,Social & Recreation,Recreational mahjong club for all skill levels.,https://blueprint.uchicago.edu/organization/mahjong
383,UChicago Majalla,Cultural & International,Arab student cultural and arts publication.,https://blueprint.uchicago.edu/organization/majalla
384,UChicago Maker Society,Academic & Professional,"Hands-on engineering, fabrication, and making community.",https://blueprint.uchicago.edu/organization/maker
385,UChicago Maya Dance Company,Arts & Music,Performs Mayan and Mesoamerican traditional dances.,https://blueprint.uchicago.edu/organization/maya-dance
386,UChicago Plus,Political & Social,LGBTQ+ student organization promoting queer community and advocacy.,https://blueprint.uchicago.edu/organization/uc-plus
387,UChicago Pre-Dental Society,Health & Wellness,Prepares students for dental school through mentorship and resources.,https://blueprint.uchicago.edu/organization/pre-dental
388,UChicago Private Equity Club,Academic & Professional,"Studies private equity, venture capital, and alternative investments.",https://blueprint.uchicago.edu/organization/pe-club
389,UChicago Quantum Society,Academic & Professional,"Explores quantum computing, quantum physics, and related research.",https://blueprint.uchicago.edu/organization/quantum
390,UChicago Quest+,Political & Social,LGBTQ+ advocacy and social community organization.,https://blueprint.uchicago.edu/organization/quest-plus
391,UChicago Rationality Group,Academic & Professional,Applies rationality principles and cognitive science to decision-making.,https://blueprint.uchicago.edu/organization/rationality
392,UChicago Road Runners,Sports & Recreation,Running club for recreational and competitive runners.,https://blueprint.uchicago.edu/organization/road-runners
393,UChicago Robotics,Academic & Professional,Designs and builds robots for competitions and research.,https://blueprint.uchicago.edu/organization/robotics
394,UChicago Romanian Student Association,Cultural & International,Promotes Romanian culture and connects Romanian students.,https://blueprint.uchicago.edu/organization/romanian
395,UChicago Roundnet Club,Sports & Recreation,Recreational and competitive Spikeball/Roundnet club.,https://blueprint.uchicago.edu/organization/roundnet
396,UChicago Smash,Social & Recreation,Super Smash Bros. competitive gaming community.,https://blueprint.uchicago.edu/organization/smash
397,UChicago Space Program,Academic & Professional,Designs and launches high-altitude balloons and small rockets.,https://blueprint.uchicago.edu/organization/space-program
398,UChicago Student Chapter of the Biophysical Society,Academic & Professional,Community for biophysics students and researchers.,https://blueprint.uchicago.edu/organization/biophysical
399,UChicago Survivor Production,Arts & Music,Produces a student-run Survivor reality competition show.,https://blueprint.uchicago.edu/organization/survivor
400,UChicago Synapse,Health & Wellness,Neuroscience and mental health advocacy organization.,https://blueprint.uchicago.edu/organization/synapse
401,UChicago Transit Enthusiasts & Explorers,Social & Recreation,"Celebrates public transit, urban planning, and transportation.",https://blueprint.uchicago.edu/organization/transit
402,UChicago Triathlon Club,Sports & Recreation,Trains and competes in collegiate triathlon events.,https://blueprint.uchicago.edu/organization/triathlon
403,UChicago UNICEF,Service & Philanthropy,Raises funds and awareness for UNICEF's global child welfare programs.,https://blueprint.uchicago.edu/organization/unicef
404,UChicago Vietnamese Student Association,Cultural & International,Celebrates Vietnamese culture and builds community for Vietnamese students.,https://blueprint.uchicago.edu/organization/vsa
405,UChicago Worldbuilders' Society,Arts & Music,Creates collaborative fictional worlds for writing and role-playing.,https://blueprint.uchicago.edu/organization/worldbuilders
406,UChicomics,Arts & Music,Comic art and graphic storytelling student organization.,https://blueprint.uchicago.edu/organization/uchicomics
407,UChicagOrigami,Arts & Music,Origami folding and paper art community.,https://blueprint.uchicago.edu/organization/origami
408,Ukrainian Society,Cultural & International,Promotes Ukrainian culture and supports Ukrainian students at UChicago.,https://blueprint.uchicago.edu/organization/ukrainian
409,Ultimate Frisbee (Women and Non-Binary),Sports & Recreation,Competitive ultimate frisbee team for women and non-binary students.,https://blueprint.uchicago.edu/organization/womens-ultimate
410,Undergraduate Investment Banking Group,Academic & Professional,Prepares students for investment banking careers through training.,https://blueprint.uchicago.edu/organization/uibg
411,Undergraduate Philosophy Club,Academic & Professional,Philosophical discussion and debate for undergraduate students.,https://blueprint.uchicago.edu/organization/upc
412,Undergraduate Student Government,Campus Governance,Central student government representing all UChicago undergraduates.,https://blueprint.uchicago.edu/organization/usg
413,United Against Inequities in Disease,Health & Wellness,Addresses health disparities and advocates for equitable healthcare.,https://blueprint.uchicago.edu/organization/uaid
414,University Ballet of Chicago,Arts & Music,Ballet performance ensemble presenting classical and contemporary works.,https://blueprint.uchicago.edu/organization/ballet
415,University Community Service Center,Service & Philanthropy,Connects students with community service opportunities across Chicago.,https://blueprint.uchicago.edu/organization/ucsc
416,University Ministry of Christ Church Chicago,Spiritual & Religious,Christian campus ministry associated with Christ Church Chicago.,https://blueprint.uchicago.edu/organization/umccc
417,University of Chicago Association of Peruvian Students,Cultural & International,Celebrates Peruvian culture and connects Peruvian students.,https://blueprint.uchicago.edu/organization/ucaps
418,University of Chicago City Planning,Academic & Professional,"Studies urban planning, design, and policy in Chicago.",https://blueprint.uchicago.edu/organization/city-planning
419,University of Chicago College Democrats,Political & Social,Progressive student political organization on campus.,https://blueprint.uchicago.edu/organization/college-dems
420,University of Chicago Japanese Animation Society,Social & Recreation,"Celebrates anime, manga, and Japanese pop culture.",https://blueprint.uchicago.edu/organization/anime
421,University of Chicago Ki-Aikido Club,Sports & Recreation,"Practices Ki-Aikido, a Japanese martial art emphasizing mind-body coordination.",https://blueprint.uchicago.edu/organization/ki-aikido
422,University of Chicago Music Forum,Arts & Music,"Hosts concerts, discussions, and programming on music appreciation.",https://blueprint.uchicago.edu/organization/music-forum
423,University of Chicago Southeast Asia Society,Cultural & International,Promotes Southeast Asian cultures and connects regional students.,https://blueprint.uchicago.edu/organization/seas
424,University of Chicago Undergraduate Law Magazine,Academic & Professional,Publishes undergraduate legal analysis and commentary.,https://blueprint.uchicago.edu/organization/law-magazine
425,University Theater,Arts & Music,"Full-scale theatrical productions including drama, comedy, and musicals.",https://blueprint.uchicago.edu/organization/ut
426,UROCK Climbing Club,Sports & Recreation,Rock climbing and bouldering club for all skill levels.,https://blueprint.uchicago.edu/organization/climbing
427,Veteran Scholar Association,Academic & Professional,Supports student veterans and promotes veteran community on campus.,https://blueprint.uchicago.edu/organization/vsa-veterans
428,Voices in Your Head,Arts & Music,Student a cappella group performing diverse musical genres.,https://blueprint.uchicago.edu/organization/voices
429,Volleyball,Sports & Recreation,Recreational and competitive club volleyball team.,https://blueprint.uchicago.edu/organization/volleyball
430,Vélo Club,Sports & Recreation,Cycling club for recreational and competitive riders.,https://blueprint.uchicago.edu/organization/velo
431,Water Polo,Sports & Recreation,Club water polo team open to all skill levels.,https://blueprint.uchicago.edu/organization/water-polo
432,WHPK,Arts & Music,UChicago's student-run FM radio station.,https://blueprint.uchicago.edu/organization/whpk
433,Windmill Chinese Drama Club,Arts & Music,Performs Chinese-language theatrical productions.,https://blueprint.uchicago.edu/organization/windmill
434,Women and Youth Supporting Each Other,Service & Philanthropy,Mentors young women and girls in the Chicago community.,https://blueprint.uchicago.edu/organization/wyse
435,Women in Business,Academic & Professional,Supports women in business through networking and professional development.,https://blueprint.uchicago.edu/organization/wib
436,Women in Economics,Academic & Professional,Promotes gender equity in economics education and careers.,https://blueprint.uchicago.edu/organization/wie
437,Women in Neuroscience,Academic & Professional,Supports women and underrepresented groups in neuroscience.,https://blueprint.uchicago.edu/organization/win
438,Women in Science,Academic & Professional,Encourages women in STEM through mentorship and community.,https://blueprint.uchicago.edu/organization/wis
439,Women Who Lift,Sports & Recreation,Empowers women in weightlifting and strength training.,https://blueprint.uchicago.edu/organization/wwl
440,Women+ in Chemistry,Academic & Professional,Supports women and underrepresented students in chemistry.,https://blueprint.uchicago.edu/organization/women-chem
441,Women+ in Law,Academic & Professional,Advocates for gender equity in law school and the legal profession.,https://blueprint.uchicago.edu/organization/women-law
442,Writers' Workshop,Arts & Music,"Creative writing workshop for fiction, poetry, and nonfiction.",https://blueprint.uchicago.edu/organization/writers-workshop
